word,frequency,likes,comments,tone,impact,emotion_neutral,emotion_surprise,emotion_sadness,emotion_disgust,emotion_fear,emotion_anger,emotion_joy,emotion_admiration,emotion_approval,emotion_excitement,emotion_annoyance,emotion_love,emotion_realization,emotion_amusement,emotion_gratitude,emotion_caring,emotion_pride,emotion_optimism,emotion_relief,emotion_disappointment,emotion_desire,emotion_disapproval,emotion_confusion,emotion_nervousness,emotion_embarrassment,emotion_grief,emotion_remorse,impact_neutral,impact_surprise,impact_sadness,impact_disgust,impact_fear,impact_anger,impact_joy,impact_admiration,impact_approval,impact_excitement,impact_annoyance,impact_love,impact_realization,impact_amusement,impact_gratitude,impact_caring,impact_pride,impact_optimism,impact_relief,impact_disappointment,impact_desire,impact_curiosity,impact_disapproval,impact_confusion,impact_nervousness,impact_embarrassment,impact_grief,impact_remorse,variations,emotion_compassion,emotion_elation,emotion_affection,emotion_contentment,emotion_playfulness,emotion_empathy,emotion_warmth,emotion_frustration,emotion_shame,emotion_regret,emotion_guilt,emotion_loneliness,emotion_disdain,emotion_curiosity,emotion_skepticism,emotion_uncertainty,emotion_triumph,emotion_reluctance,emotion_apathy,emotion_nostalgia,emotion_intrigue,emotion_hopefulness,emotion_bliss,emotion_fascination,emotion_passion,emotion_hopelessness,emotion_bitterness,emotion_gratefulness,emotion_agitation,emotion_yearning,emotion_sorrow,emotion_delight,emotion_trepidation,emotion_amazement,emotion_complacency,emotion_disillusionment,emotion_zeal,emotion_reverence,emotion_infatuation,emotion_composure,emotion_ecstasy,emotion_anticipation,emotion_resignation,emotion_hostility,emotion_disorientation,emotion_compunction,emotion_humility,emotion_serenity,emotion_reconciliation,emotion_alienation,emotion_exultation,emotion_affirmation,emotion_serendipity,emotion_acceptance,emotion_resentment,emotion_cheerfulness,emotion_apprehension,emotion_eagerness,emotion_clarity,emotion_hesitation,emotion_grievance,emotion_outrage,emotion_pity,emotion_shock,emotion_satisfaction,impact_compassion,impact_elation,impact_affection,impact_contentment,impact_playfulness,impact_empathy,impact_warmth,impact_frustration,impact_shame,impact_regret,impact_guilt,impact_loneliness,impact_disdain,impact_skepticism,impact_uncertainty,impact_triumph,impact_reluctance,impact_apathy,impact_nostalgia,impact_intrigue,impact_hopefulness,impact_bliss,impact_fascination,impact_passion,impact_hopelessness,impact_bitterness,impact_gratefulness,impact_agitation,impact_yearning,impact_sorrow,impact_delight,impact_trepidation,impact_amazement,impact_complacency,impact_disillusionment,impact_zeal,impact_reverence,impact_infatuation,impact_composure,impact_ecstasy,impact_anticipation,impact_resignation,impact_hostility,impact_disorientation,impact_compunction,impact_humility,impact_serenity,impact_reconciliation,impact_alienation,impact_exultation,impact_affirmation,impact_serendipity,impact_acceptance,impact_resentment,impact_cheerfulness,impact_apprehension,impact_eagerness,impact_clarity,impact_hesitation,impact_grievance,impact_outrage,impact_pity,impact_shock,impact_satisfaction,adjusted_tone,adjusted_impact
session,1,389,60,0.0,0.0,0.8606768051783243,0.0361509212557772,0.0251711277741245,0.0120900136196458,0.0089787819334408,0.0074575381184824,0.005781856049604,0.0129637376314803,0.0119171458709388,0.0068369982311651,0.0017226369836104,0.0015372715550843,0.0012352978436259,0.0011009519450529,0.0010810682489363,0.0009792216212266,0.0008720901510817,0.0006342622070102,0.0004715268586702,0.0004496916941623,0.0004286176749133,0.0003020691967492,0.0001797518923846,0.000170972321887,0.0001659770233951,0.000135775510851,9.639937312044822e-05,84.34632690747578,3.5427902830661724,2.4667705218642104,1.1848213347252947,0.8799206294772073,0.7308387356112765,0.5666218928611974,1.270446287885079,1.1678802953520062,0.6700258266541823,0.1688184243938243,0.1506526123982704,0.1210591886753415,0.10789329061519,0.1059446883957662,0.0959637188802086,0.0854648348060133,0.062157696287007,0.0462096321496877,0.0440697860279139,0.0420045321415045,0.0403264862745042,0.0296027812814259,0.017615685453696,0.016755287544934,0.0162657482927291,0.0133060000633993,0.0094471385658039,session,0.0130751746976755,0.0063094271403845,0.0067272087130115,0.0031266914541371,0.0034414039973284,0.0130751746976755,0.0012582465881554,0.0045900875510464,0.0002340231100721,0.0126337635736224,0.0001160874419857,0.4429239664762244,0.0061960414081975,0.0004070070496974,0.0007075248680052,0.4304282785353545,0.0033269731003428,0.0003653434358312,0.4429239664762244,0.0154764919118642,0.0004200562164082,0.0032080591283071,0.0031266914541371,0.0066876161946917,0.0009829446149988,0.0128104097341433,0.0163143329463034,0.0007762975538032,0.0009468046527487,0.0127998727245189,0.0126534516424877,0.0034414039973284,0.0045748771276639,0.0182988383122871,0.2910218259693111,0.0089520391039709,0.00271256868572,0.0070224029402083,0.0049765422871593,0.287375851219407,0.0047187086119511,0.0026275850653594,0.0128213273163973,0.0070900629072462,0.0151031516938675,0.0084677675526986,0.0044899136595151,0.0024108681765002,0.0010299555542302,0.0125210701968398,0.0044969814772835,0.0044744994096769,0.0141347680546837,0.0044559647836118,0.010976911696452,0.0025056900672223,0.0031870830044103,0.003624246494534,0.0008953487745075,0.0031098353825708,0.0110261191955897,0.0066165403116257,0.0130751746976755,0.0190732389362879,0.0060568429264043,1.281367120372204,0.6183238597576859,0.6592664538751319,0.3064157625054358,0.3372575917381881,1.281367120372204,0.1233081656392341,0.4498285800025472,0.0229342647870707,1.2381088302150025,0.0113765693146009,43.40654871466999,0.607212058003355,0.0693374370645144,42.18197129646474,0.3260433638335993,0.0358036567114625,43.40654871466999,1.5166962073626964,0.0411655092080035,0.3143897945740957,0.3064157625054358,0.6553863870797866,0.0963285722698824,1.255420153946053,1.598804628737738,0.0760771602727185,0.0927868559693726,1.2543875270028522,1.2400382609637994,0.3372575917381881,0.4483379585110622,1.7932861546041423,28.52013894499249,0.8772998321891482,0.2658317312005632,0.6881954881404134,0.4877011441416114,28.162833419501894,0.462433443971211,0.2575033364052277,1.2564900770069405,0.6948261649101276,1.4801088659990185,0.8298412201644677,0.4400115386324798,0.2362650812970261,0.1009356443145661,1.2270648792903036,0.4407041847737927,0.4385009421483363,1.3852072693590125,0.4366845487939629,1.0757373462522992,0.2455576265877919,0.3123341344322094,0.3551761564643417,0.0877441799017415,0.3047638674919384,1.0805596811677938,0.6484209505393284,1.281367120372204,1.869177415756217,0.5935706067876247,-1.4425443884927909,-141.3693500722935
day,1,389,60,0.0,0.0,0.7699008584022522,0.0737395363523205,0.0686332392883741,0.0036357516090864,0.0090250529534519,0.0166625080947066,0.02900051021129,0.0013815660853803,0.0036316045538645,0.009008285107105,0.0014117058146894,0.0015522907690221,0.000828885472534,0.000982455176351,0.0025093722567343,0.0028243688059509,0.0003784116271958,0.0007882038380557,0.000364946514433,0.0003582759560553,0.0006695032789707,0.0003721888174747,0.0004035085964725,0.0002290041373882,0.0001736592601275,0.0001891934235989,0.0001405524158428,75.45028412342072,7.2264745625274145,6.726057450260669,0.3563036576904703,0.8844551894382942,1.6329257932812502,2.842050000706422,0.1353934763672744,0.3558972462787248,0.8828119404962915,0.1383471698395624,0.1521244953641674,0.0812307763083405,0.0962806072823999,0.245918481159966,0.2767881429831884,0.0370843394651956,0.0772439761294663,0.035764758414435,0.0351110436934239,0.0656113213391336,0.1180456155188949,0.0364745041125237,0.039543842454312,0.0224424054640479,0.0170186074925027,0.0185409555127004,0.0137741367526018,day,0.0357288040471625,0.0190043976591975,0.0025919476614433,0.0146827283628615,0.0149914826938205,0.0357288040471625,0.0021883297874864,0.0090371069546979,0.0002729240388011,0.0343868958521084,0.0001648729197208,0.4192670488453131,0.0020039702132805,0.0005958562172641,0.0006161970345032,0.3851521834993623,0.0146894609192429,0.0005208460482227,0.4192670488453131,0.048816874749832,0.000937025188051,0.0148943570246728,0.0146827283628615,0.0012930565912559,0.0011108970239964,0.0344957576222147,0.0426478736915403,0.0014371593855836,0.0008203549760388,0.0346513712836724,0.0344112163559865,0.0149914826938205,0.00462702854542,0.0347072042163302,0.2579658031568498,0.0232734669056544,0.0033520666710905,0.0019454691710573,0.0012011200444576,0.257696724574212,0.0131870286958057,0.0036670120140973,0.0344990929014035,0.0072366551728274,0.0277226993007483,0.0229876617092719,0.0021686411083439,0.0107299418438912,0.0014755365133964,0.024213726571645,0.0127957356485302,0.0015994066730386,0.0343683310260145,0.0022736399580827,0.0285559787335184,0.0102570564085655,0.0034862013959905,0.0051064161021182,0.0013394002643059,0.0032191885624375,0.0285513411130453,0.0068901495070892,0.0357288040471625,0.0288001136382862,0.0109990204265291,3.5014227966219247,1.862430970601355,0.2540108708214434,1.438907379560427,1.469165303994409,3.5014227966219247,0.2144563191736769,0.8856364815604039,0.0267465558025077,3.3699157935066286,0.0161575461326433,41.088170786840685,0.1963890809014938,0.0603873093813185,37.74491398293751,1.439567170085804,0.0510429127258246,41.088170786840685,4.784053725483541,0.0918284684290078,1.4596469884179393,1.438907379560427,0.1267195459430782,0.1088679083516472,3.3805842469770404,4.179491621770954,0.1408416197871977,0.0803947876518024,3.395834385799895,3.3722992028866767,1.469165303994409,0.4534487974511648,3.401306013200366,25.280648709371285,2.2807997567541376,0.328502533766869,0.1906559787636154,0.1177097643568545,25.254279008272785,1.292328812188959,0.3593671773815451,3.380911104337548,0.7091922069370916,2.7168245314733337,2.2527908475086496,0.2125268286177054,1.0515343007013471,0.1446025783128537,2.3729452040212164,1.2539820935559662,0.1567418539577893,3.368096440549421,0.2228167158921143,2.7984859158848097,1.0051915280394257,0.3416477368070722,0.5004287780075884,0.1312612259019847,0.3154804791188783,2.7980314290784425,0.6752346516947448,3.5014227966219247,2.8224111365520543,1.0779040017998582,-1.4740186692096515,-144.45382958254584
http,2,717,86,0.0,0.0,1.8344597816467283,0.0292478471869609,0.0267607902866302,0.0072855478304821,0.009900480203612,0.0179921236514625,0.0070638584320098,0.0006711446823146,0.0068685988480865,0.0060685798227571,0.0086659176519484,0.0004305561186204,0.006357808894639,0.0027008884065935,0.0040610556757201,0.0025258811087572,0.0006453191731452,0.0018866669960289,0.0007148087098206,0.001849004725481,0.0017821957957266,0.0011403742171296,0.0043004045757394,0.0017032782259699,0.0017512371914373,0.0008041400027233,0.0011269739688373,143.08786296844482,2.281332080582956,2.08734164235716,0.5682727307776076,0.7722374558817364,1.4033856448140796,0.5509809576967655,0.0523492852205436,0.5357507101507508,0.4733492261750598,0.675941576851983,0.0335833772523983,0.4959090937818473,0.2106692957142968,0.3167623427061699,0.1970187264830656,0.0503348955053297,0.1471600256902547,0.0557550793660084,0.1442223685875205,0.139011272066682,0.876309827773639,0.0889491889361124,0.3354315569076789,0.1328557016256581,0.1365965009321144,0.0627229202124226,0.0879039695693109,http,0.0146433356976936,0.0065662191273834,0.0036495774833534,0.0038893335709151,0.0048823734193016,0.0146433356976936,0.0014782186136888,0.0133290206517054,0.0014458057042834,0.0139438821277337,0.0009655569857803,0.9306102859666792,0.0042129610238058,0.0030935357858841,0.0053291067351892,0.9193800931112338,0.0038545888025774,0.0014612850064281,0.9306102859666792,0.01691232435932,0.0065084685887199,0.0044752627140193,0.0038893335709151,0.0059529430320139,0.0011063759571735,0.0143048975060555,0.0223764569690463,0.0023879321927703,0.0051845979389591,0.0142714930411783,0.0137824651446767,0.0048823734193016,0.0058018792147909,0.0123276167670951,0.6140143964015451,0.0116558679689167,0.0028320315972096,0.0023661001790173,0.0009612988655538,0.6125668238217686,0.0045209981244624,0.0063966627334997,0.0137377994982253,0.0113145297112976,0.0144829106554374,0.0095639680860635,0.0038814877445424,0.0034348494168625,0.001735473501387,0.0117289041114139,0.004592585809304,0.0031335283390868,0.0123421714429304,0.0033697628888881,0.0152977627184074,0.003883804611544,0.0076128332704317,0.0086516606022352,0.0031994995710722,0.0053013876684404,0.0155339728878579,0.0088060152330247,0.0146433356976936,0.0154779584070183,0.0048824219966389,2.2990037045379106,1.0308964029992016,0.5729836648864917,0.6106253706336864,0.7665326268303589,2.2990037045379106,0.2320803223491415,2.092656242317756,0.2269914955725016,2.1891894940541987,0.1515924467675071,146.10581489676863,0.6614348807375184,0.8366697574247043,144.34267461846372,0.6051704420046674,0.2294217460092117,146.10581489676863,2.65523492441324,1.0218295684290322,0.7026162461010379,0.6106253706336864,0.93461205602619,0.1737010252762394,2.245868908450729,3.513103744140277,0.3749053542649449,0.8139818764165866,2.240624407465009,2.1638470277142496,0.7665326268303589,0.9108950367221792,1.9354358324339307,96.40026023504258,1.829971271119927,0.4446289607619124,0.3714777281057239,0.150923921891957,96.17299134001767,0.7097967055406019,1.0042760491594631,2.156834521221388,1.776381164673734,2.273816972903677,1.501542989511985,0.6093935758931568,0.5392713584474177,0.2724693397177642,1.8414379454919927,0.7210359720607332,0.491963949236638,1.9377209165400784,0.5290527735554318,2.4017487467899667,0.6097573240124184,1.195214823457782,1.3583107145509263,0.502321432658346,0.832317863945148,2.4388337433936904,1.3825443915848832,2.2990037045379106,2.4300394699018777,0.7665402534723177,-2.969947772789166,-466.281800327899
twitpic,2,717,86,0.0,0.0,1.7602028052012126,0.0899547615984393,0.0156952689959932,0.0079697895984812,0.0029934672552561,0.0179107103195216,0.0228158210317701,0.0040565648737356,0.0076655491179735,0.001286950944177,0.0096726077510993,0.0004198422878213,0.0044285560719951,0.0017667327315772,0.0014083440533075,0.0019387550851964,0.000542726867593,0.0009229751310044,0.0006237403524949,0.0056958827046666,0.0003881984427683,0.0375955416437439,0.0012787156836679,0.0004968566337453,0.0008045876675168,0.0003591290260184,0.0004849722893235,137.29581880569458,7.016471404678271,1.2242309816874697,0.6216435886815361,0.2334904459099789,1.3970354049226898,1.7796340404780722,0.3164120601513787,0.5979128312019384,0.1003821736458121,0.7544634045857492,0.0327476984500663,0.345427373615621,0.1378051530630273,0.1098508361579888,0.1512228966453221,0.0423326956722576,0.0719920602183492,0.0486517474946026,0.4442788509639968,0.030279478535931,0.0483663020327185,2.93245224821203,0.0997398233261037,0.0387548174321352,0.062757838066318,0.0280120640294398,0.0378278385672388,twitpic,0.0088170120405948,0.0120513859879735,0.0040426957028974,0.0117197806921325,0.0122912768816736,0.0088170120405948,0.0011792986865088,0.0137916590353104,0.0192000646556303,0.0080901206426583,0.0004220506576709,0.887949037098603,0.0227826656211125,0.0011008454073361,0.0028536358778315,0.8807407604424403,0.0116792739496815,0.0189918700432561,0.887949037098603,0.0192555450138816,0.0005041396190297,0.0118693980813872,0.0117197806921325,0.0023383228345134,0.0004040203652948,0.0106955758503298,0.0168029896577574,0.0010160422029012,0.0050847321924223,0.0080417337193807,0.0080271990110058,0.0122912768816736,0.0017451619445007,0.038942382501315,0.5894973648905604,0.0086065692575516,0.0007392920848461,0.0027324544635215,0.0016215352014417,0.5875884335463013,0.0081742047545894,0.0009433356234908,0.008159504674244,0.0118510358897007,0.0314089815124544,0.0055131234371116,0.0032325445079253,0.0084594388231538,0.0008173088978745,0.0204202000794061,0.00821516628118,0.0030437503721902,0.0377981076609014,0.0034093481852216,0.0237338403197529,0.0085018429647839,0.0013701348947642,0.0009535158697341,0.0023303505032288,0.0015896798575564,0.0131006206733938,0.0211586805205822,0.0088170120405948,0.0336393394840588,0.0103683701674128,1.3842708903733836,1.8920676001118475,0.6347032253548918,1.8400055686648025,1.9297304704227631,1.3842708903733836,0.1851498937818894,2.165290468543741,3.014410150933965,1.2701489408973607,0.0662619532543391,139.40799882448067,3.5768785025146705,0.4480208328195454,138.27629938946313,1.8336460101000036,2.981723596791208,139.40799882448067,3.0231205671794195,0.0791499201876707,1.8634954987777983,1.8400055686648025,0.3671166850186038,0.0634311973512836,1.6792054085017942,2.638069376267912,0.1595186258554884,0.7983029542103011,1.2625521939427775,1.2602702447279104,1.9297304704227631,0.2739904252866099,6.113954052706455,92.55108628781798,1.3512313734356065,0.1160688573208377,0.4289953507728833,0.2545810266263521,92.2513840667693,1.283350146470546,0.148103692888066,1.2810422338563157,1.8606126346830096,4.931210097455346,0.8655603796265368,0.5075094877442721,1.3281318952351466,0.1283174969663069,3.205971412466758,1.2897811061452653,0.477868808433877,5.934302902761526,0.5352676650797912,3.726212930201205,1.3347893454710724,0.2151111784779794,0.1497019915482537,0.3658650290069216,0.24957973763636,2.056797445722826,3.3219128417314105,1.3842708903733836,5.281376298997242,1.6278341162838148,-2.9090898471992137,-456.72710601027654
67ezh,1,389,60,0.0,0.0,0.9077890515327454,0.0287417426987606,0.0070887172385027,0.0065867192387258,0.0021295971558288,0.0155840429497402,0.003359967174731,0.0007397125380824,0.003148788013353,0.0005729710446757,0.0131313193890036,0.0001530112786175,0.0013567601421489,0.0005563836297142,0.0001655182514402,0.0008222413597801,0.0001856979045934,0.0004127052908605,0.0001405244754361,0.001774413600439,0.0002534270526174,0.0031771957968847,0.0004288753826623,0.0003833741532114,0.0005148483602018,0.0002291551976156,0.0001278384308326,88.96332705020905,2.816690784478548,0.6946942893732739,0.6454984853951373,0.2087005212712256,1.5272362090745446,0.329276783123646,0.0724918287320785,0.3085812253085957,0.056151162378228,1.286869300122362,0.0149951053045166,0.132962493930601,0.0545255957119934,0.0162207886411446,0.0805796532584584,0.0181983946501607,0.0404451185043323,0.0137713985927424,0.1738925328430317,0.0248358511565053,0.0436454608379032,0.311365188094707,0.042029787500913,0.0375706670147243,0.0504551392997806,0.0224572093663368,0.0125281662215949,67ezh,0.0039554792991414,0.0019664691097033,0.0016508996459852,0.0017502458250835,0.0019581754022225,0.0039554792991414,0.0004876263191988,0.0143576811693719,0.0018460220785432,0.0036082778346676,0.0001784968142241,0.457438884385624,0.0048819575178052,0.0004207903367614,0.0008928177624056,0.4541089634577038,0.0017728325396622,0.001715311424751,0.457438884385624,0.0052243422066168,0.000349394448951,0.0018863362327957,0.0017502458250835,0.0005925371916835,0.0002032191656174,0.0044315654194708,0.0113363800941214,0.0001530213634381,0.0067573467711075,0.00367107214556,0.0036589362180591,0.0019581754022225,0.0012564856545201,0.010947140803858,0.3036927880071782,0.0034066303270302,0.0003373653339621,0.0004526153947613,0.0003820502897724,0.3029172724559872,0.001361983166008,0.0004770127269402,0.0036146208569693,0.0117673605258232,0.0104334050790838,0.0024819036223169,0.0011516102467431,0.0014409110033157,0.0001530180018312,0.005617544091371,0.001372878708,0.0012490637362689,0.0107474114496425,0.001370517949523,0.0086166519950425,0.0014430186984352,0.0009861110514416,0.0005091664449802,0.0007731753257883,0.0009806155639008,0.0081490579295606,0.0084493193284502,0.0039554792991414,0.0124860196977717,0.0022164265545067,0.3876369713158571,0.1927139727509283,0.1617881653065545,0.1715240908581879,0.1919011894178147,0.3876369713158571,0.0477873792814824,1.4070527545984464,0.1809101636972385,0.3536112277974297,0.0174926877939618,44.82901066979115,0.4784318367449145,0.0874961407157488,44.50267841885498,0.1737375888868955,0.1681005196256029,44.82901066979115,0.5119855362484513,0.0342406559972029,0.1848609508139835,0.1715240908581879,0.0580686447849879,0.01991547823051,0.4342934111081433,1.1109652492239022,0.0149960936169387,0.6622199835685351,0.3597650702648848,0.3585757493697967,0.1919011894178147,0.1231355941429697,1.072819798778084,29.761893224703464,0.3338497720489596,0.0330618027282923,0.0443563086866074,0.0374409283976984,29.685892700686747,0.1334743502687905,0.0467472472401494,0.3542328439830012,1.1532013315306735,1.022473697750222,0.2432265549870627,0.1128578041808238,0.1412092783249418,0.0149957641794641,0.5505193209543645,0.1345421133840033,0.1224082461543587,1.0532463220649717,0.1343107590532605,0.8444318955141683,0.1414158324466528,0.09663888304128,0.0498983116080595,0.0757711819272599,0.0961003252622816,0.798607677096942,0.828033294188123,0.3876369713158571,1.2236299303816298,0.2172098023416566,-1.5100610179418787,-147.98597975830413
shanghai,1,2877,105,0.0,0.0,0.9032921195030212,0.0428608898817136,0.0142494165720942,0.0026851768637736,0.0029797178719945,0.0046100698410119,0.0128229187043113,0.0005935362538214,0.0036739448499929,0.0003830983132028,0.0026676468392944,0.0002647921167996,0.0009516371345246,0.0003293668906962,0.0003424722786367,0.0027557948091991,0.0002038625486685,0.0004794071469783,0.0002185577364552,0.0007642640658597,0.0003593393922566,0.0010156559776248,0.0002439368811527,0.0002652844064291,0.0002102272984956,0.0003035437136986,0.0001578119843704,354.0905108451843,16.80146883363174,5.5857712962609485,1.0525893305992515,1.1680494058218756,1.80714737767668,5.026584132090041,0.2326662114980233,1.4401863811972362,0.1501745387755212,1.045717561003433,0.103798509785444,0.3730417567336796,0.1291118211529465,0.1342491332256183,1.0802715652060515,0.0799141190780877,0.1879276016155321,0.0856746326904461,0.2995915138170251,0.1408610417646135,0.1236837155797729,0.3981371432289506,0.0956232574118682,0.1039914873202102,0.0824091010102847,0.1189891357698798,0.0618622978732143,shanghai,0.0085026056906466,0.006603008508757,0.0019693684833962,0.0065207382203832,0.0065761427975037,0.0085026056906466,0.0015102934629993,0.0036388583401531,0.0006129416380602,0.0072036142782323,0.0002306778490344,0.4587707680375577,0.0018504164206992,0.0003616720140655,0.0005977870078386,0.4517680281920869,0.0065133906264899,0.0006874976849407,0.4587707680375577,0.0135361676382027,0.000337429537429,0.0066511629256448,0.0065207382203832,0.0004545279682114,0.0003120657545281,0.0075068403189769,0.009429743206553,0.0002805150075459,0.0014664656228617,0.0073043779821754,0.0072764801428964,0.0065761427975037,0.0016225011392117,0.0187591149466154,0.3023948740298231,0.0053217725908261,0.0003154334180426,0.000468004266229,0.0004058892542925,0.3020888240162251,0.0044902697114379,0.0003926750475941,0.0072339871542747,0.0033209645146933,0.0153615148782869,0.004903590756721,0.0014116582883615,0.0052657570833218,0.0002752740439638,0.0059834164711642,0.0044699598553942,0.0014524048485465,0.0186341221074933,0.0022160991318824,0.0066250474635769,0.0045438975806619,0.001186840653675,0.0003493089979021,0.0013086632267263,0.0011629797198587,0.0065412501596552,0.0027703008941367,0.0085026056906466,0.0161752615391605,0.0055718070969198,3.3330214307334867,2.588379335432764,0.7719924454913301,2.556129382390234,2.5778479766214697,3.3330214307334867,0.5920350374957453,1.426432469340035,0.2402731221195984,2.8238167970670616,0.0904257168215239,179.83814107072263,0.7253632369140864,0.2343325070727508,177.09306705129808,2.5532491255840406,0.2694990924967544,179.83814107072263,5.306177714175478,0.132272378672168,2.607255866852761,2.556129382390234,0.1781749635388688,0.1223297757750151,2.9426814050389645,3.696459336968796,0.1099618829580123,0.574854524161806,2.863316169012757,2.852380216015389,2.5778479766214697,0.6360204465710255,7.353573059073249,118.53879061969066,2.086134855603857,0.1236498998727122,0.1834576723617876,0.159108587682673,118.41881901436028,1.7601857268836567,0.1539286186569133,2.835722964475682,1.3018180897597738,6.0217138322884765,1.922207576634658,0.5533700490377471,2.064176776662172,0.1079074252338226,2.345499256696366,1.7522242633145264,0.569342700630254,7.304575866137399,0.8687108596979007,2.597018605722171,1.7812078516194778,0.4652415362406,0.1369291271776232,0.5129959848767096,0.4558880501846364,2.5641700625848647,1.0859579505016126,3.3330214307334867,6.340702523350941,2.1841483819925616,-1.4295166129875012,-560.3705122911005
exciting,1,2877,105,0.4939,193.6088,0.0739898566583481,0.0225510352514296,0.0018322023024666,0.0011211993996766,0.0173395472884294,0.005436013447858,0.3129055684354777,0.0062437870243835,0.0090764802710812,0.5211446285247803,0.0014862510397506,0.0024897324219637,0.0031753235234646,0.0026133648740748,0.0037570063129048,0.0020014184101455,0.0010551824840755,0.0039463180025146,0.0009425070893485,0.0005386941411416,0.0015481175360037,0.0005042172876225,0.0006613105527624,0.0003134426842734,0.0001982052575234,0.0001259688588106,0.0001844038585356,29.00402381007249,8.840005818560408,0.718223302566912,0.4395101646732655,6.797102537064347,2.1309172715603686,122.65898282670727,2.447564513558367,3.557980266263864,204.28869438171387,0.5826104075822514,0.9759751094097736,1.2447268211981282,1.0244390306373437,1.4727464746586822,0.78455601677706,0.4136315337576283,1.5469566569857611,0.3694627790246159,0.211168103327509,0.6068620741134509,1.1047545743640512,0.1976531767480385,0.2592337366828967,0.1228695322351995,0.0776964609491794,0.0493797926537808,0.0722863125459601,exciting,0.001916810356306,0.417025098480129,0.0057831063465224,0.1569240377624131,0.1577594666547762,0.001916810356306,0.0022455754160546,0.0034611322438043,0.0003512112725729,0.0010083030805011,0.0001551863586731,0.0379110294804073,0.0008127083436495,0.0023038142776385,0.0019183170381135,0.0373255836055552,0.1569803754597765,0.0010261674118131,0.0379110294804073,0.1573688853689721,0.002183184500609,0.1584259432189961,0.1569240377624131,0.0045310192447989,0.0020189249789836,0.0011854482218041,0.0036341078751623,0.0023497567011266,0.000899846862012,0.0016901599192351,0.0009790855806386,0.1577594666547762,0.0088264949863513,0.1139001302370969,0.0280029480062592,0.0018487399890242,0.1745826428482865,0.0050003966686441,0.0034272123274502,0.025644594052614,0.2788466431274072,0.1759697326641697,0.0013873546959075,0.002681154629095,0.0135172976975404,0.0007141916732709,0.0045919978911115,0.1052831646449905,0.002396415274739,0.0011525396632552,0.2783684598147778,0.0046926602525571,0.1121330369254186,0.004006801923525,0.002590811012649,0.1064884171040223,0.0068237471459723,0.2619814399949973,0.0020397496743195,0.0061047668418217,0.0026023032971554,0.0023538100450523,0.001916810356306,0.0136705939798452,0.1076415185986358,0.7513896596719716,163.47383860421056,2.2669776878368006,61.51422280286593,61.84171092867229,0.7513896596719716,0.8802655630934033,1.3567638395712855,0.1376748188485964,0.3952548075564312,0.0608330525998552,14.86112355631968,0.3185816707106236,0.751980278940492,14.63162877337766,61.53630718023242,0.4022576254307352,14.86112355631968,61.68860306463708,0.8558083242387476,62.102969741846486,61.51422280286593,1.7761595439611884,0.7914185917616103,0.4646957029472072,1.4245702870636217,0.9211046268416468,0.352739969908704,0.6625426883401788,0.3838015476103311,61.84171092867229,3.459986034649748,44.64885105294199,10.977155618453631,0.7247060756975126,68.4363959965283,1.9601554941085069,1.3434672323605177,10.052680868624702,109.30788410594364,68.98013520435454,0.5438430407957596,1.051012614605266,5.298780697435864,0.2799631359222059,1.800063173315708,41.2710005408363,0.939394787697688,0.4517955479960514,109.1204362473929,1.8395228190023836,43.95615047476409,1.5706663540218264,1.015597916958421,41.743459504776766,2.6749088812211803,102.69672447803896,0.7995818723332571,2.393068601994119,1.0201028924849167,0.9226935376605276,0.7513896596719716,5.358872840099318,42.19547529066524,3.3913022315056667,1329.3904747502213
precisely,1,2877,105,0.0,0.0,0.9604587157567342,0.0043175366276765,0.0018743751902547,0.0029536508064988,0.0030373927306375,0.0107615969411464,0.0028847494019335,0.0016617391317292,0.0047943505390624,0.0005567865962916,0.0011244853083477,0.0004229200426001,0.001048766700876,0.0005721530382819,0.0003291299114399,0.0006405550696323,0.0002257005363048,0.0002406307166703,0.000181661570617,0.0004074163132751,0.0001412700268398,0.0004981204737172,0.000197552320562,0.000119831975482,0.0001263421695654,9.929618439249072e-05,7.433930340520571e-05,376.49981657663983,1.6924743580492154,0.7347550745798799,1.1578311161475388,1.190657950409938,4.218546000929412,1.1308217655579635,0.6514017396378525,1.879385411312493,0.2182603457463301,0.4407982408723304,0.1657846566992399,0.4111165467434148,0.224283991006511,0.1290189252844508,0.2510975872958927,0.0884746102315148,0.0943272409347931,0.0712113356818993,0.1597071948038622,0.0553778505212297,0.0975777878109814,0.1952632256971658,0.0774405096603156,0.0469741343889609,0.0495261304696441,0.0389241042818563,0.0291410069348406,precisely,0.0012574651299435,0.0017207679991125,0.0026086352908312,0.0015332054862752,0.0017284512201077,0.0012574651299435,0.0005317375561162,0.005943041124747,0.0003122313216413,0.0009743572468299,8.681774389884822e-05,0.4811665454734944,0.001725885640108,0.0002190915186161,0.000623159510719,0.4803281340386481,0.0015552249691191,0.0003196952502785,0.4811665454734944,0.0023795622960941,0.0001950964774645,0.0015626900593019,0.0015332054862752,0.0009553310299092,0.0002820950347199,0.0011408957517649,0.0063179860657005,0.0002553957410284,0.0006221586419148,0.0010078226085472,0.0009868356873235,0.0017284512201077,0.0015786123530597,0.0029546750537797,0.3218115759554712,0.0011101860681352,0.0003079190531453,0.0009954345215845,0.0007419764003897,0.3204269774656612,0.0012881520136084,0.0003487800803503,0.0010280183804358,0.0049465776853309,0.0025174938929586,0.0006826702260174,0.0017683806737064,0.0012356553473942,0.0003112371748856,0.0017753821568235,0.0012224121781766,0.0017535605973458,0.0024613158667423,0.0018721890597705,0.0043780308683727,0.0012325110522952,0.0011353825447362,0.0004028547621904,0.0006236611137084,0.0011182590088938,0.0043477961482254,0.0047377894071208,0.0012574651299435,0.0034361933882709,0.0026202538372043,0.492926330937852,0.6745410556521196,1.02258503400585,0.601016550619898,0.6775528782822184,0.492926330937852,0.2084411219975503,2.3296721209008435,0.1223946780833896,0.3819480407573415,0.0340325556083485,188.61728582560983,0.676547170922336,0.244278528201848,188.28862854315005,0.6096481878947069,0.125320538109172,188.61728582560983,0.9327884200688872,0.076477819166084,0.6125745032463448,0.601016550619898,0.3744897637244064,0.1105812536102204,0.4472311346918408,2.476650537754616,0.1001151304831524,0.2438861876306212,0.3950664625505219,0.3868395894308493,0.6775528782822184,0.618816042399422,1.1582326210816554,126.15013777454472,0.4351929387090245,0.1207042688329967,0.3902103324611436,0.2908547489527624,125.6073751665392,0.5049555893344928,0.1367217914973437,0.4029832051308532,1.9390584526497392,0.9868576060397972,0.2676067285988465,0.6932052240929218,0.4843768961785525,0.1220049725551813,0.6959498054748382,0.4791855738452403,0.6873957541595666,0.9648358197629946,0.7338981114300622,1.7161881004021244,0.4831443324997315,0.4450699575366034,0.1579190667786368,0.2444751565737059,0.4383575314863826,1.7043360901043567,1.8572134475913535,0.492926330937852,1.346987808202206,1.0271395041840856,-1.4830526307376575,-581.3566312491618
skyscraper,1,2877,105,0.0,0.0,0.8932487964630127,0.0321361287760074,0.0140273030223975,0.0072977010946525,0.0120897133337033,0.0113689138256631,0.0128392666568354,0.0021354984135276,0.004098374238102,0.0022589468350417,0.0021197932015108,0.0003130959905206,0.0011729310063799,0.0006473090891461,0.0004607332537342,0.0005075051533414,0.0003599221375528,0.0002343029555807,0.000320525060952,0.0006068874050034,0.000139677920373,0.0004106528903283,0.0001793940489278,0.0002228833568835,0.0002201129609744,0.0001707640157964,0.0001039623430637,350.153528213501,12.597362480194914,5.498702784779842,2.860698829103816,4.739167626811725,4.4566142196599685,5.032992529479505,0.8371153781028322,1.6065627013360122,0.8855071593363846,0.8309589349922437,0.1227336282840951,0.4597889545009366,0.2537451629452789,0.1806074354638175,0.1989420201098634,0.1410894779207107,0.0918467585876593,0.125645823893213,0.2378998627613479,0.0547537447862396,0.1211048294309572,0.1609759330087096,0.0703224671797215,0.0873702758983654,0.0862842807019887,0.0669394941922216,0.0407532384810072,skyscrapers,0.0072674040878694,0.0075491067459385,0.0022057351143113,0.0065798958588937,0.0067432878729907,0.0072674040878694,0.000410300571931,0.0067443535135869,0.0003153829256513,0.0070656326827306,0.00013736317943,0.4536380497427051,0.0038541769924903,0.0002068485022542,0.0006761625276538,0.4467140952559702,0.0065995943971941,0.0002751654053506,0.4536380497427051,0.0134332848396164,0.0002243094058892,0.006536784806208,0.0065798958588937,0.0012222196524665,0.0002263869554468,0.0073170952137004,0.0126981084240303,0.0003906291573431,0.0011713382791971,0.0070834904713852,0.0070990335190969,0.0067432878729907,0.0061562983452934,0.0157036312821234,0.2992225652540222,0.0052690404779269,0.0009195156309891,0.0012981158336309,0.0008627574414737,0.2980256088924354,0.0051371031607992,0.0009340635606759,0.0071739140416747,0.0069288027072754,0.0148017453862128,0.0047673431270858,0.0016265441842627,0.0045557656237096,0.0003647847684022,0.0072452190024594,0.0051527118764766,0.0015641997770785,0.0150986401645982,0.0016421348174651,0.0086022899127963,0.004573626233854,0.0042071791939974,0.0012839438632235,0.0006669870735577,0.0041639969131715,0.008667701417688,0.0063590892702146,0.0072674040878694,0.0171745144014544,0.0057527219852964,2.8488224024448243,2.959249844407912,0.8646481648100296,2.579319176686331,2.643368846212374,2.8488224024448243,0.160837824196952,2.643786577326084,0.1236301068553291,2.769728011630395,0.0538463663365796,177.8261154991404,1.5108373810562368,0.2650557108403092,175.11192534034032,2.587041003700087,0.1078648388974548,177.8261154991404,5.265847657129648,0.087929287108586,2.562419644033556,2.579319176686331,0.4791101037668876,0.0887436865351456,2.8683013237705763,4.977658502219878,0.1531266296784952,0.4591646054452827,2.776728264783018,2.7828211394860043,2.643368846212374,2.413268951355013,6.155823462592399,117.29524557957672,2.0654638673473578,0.3604501273477533,0.5088614067833128,0.3382009170577035,116.82603868583467,2.0137444390332995,0.3661529157849789,2.8121743043365024,2.716090661251983,5.80228419139543,1.86879850581766,0.6376053202309915,1.7858601244941632,0.1429956292136885,2.840125848964098,2.01986305557884,0.6131663126147721,5.918666944522521,0.6437168484463321,3.37209764581615,1.7928614836707943,1.649214244046994,0.5033059943836512,0.2614589328346445,1.6322867899632412,3.397738955733696,2.4927629939241363,2.8488224024448243,6.732409645370124,2.255067018236215,-1.452997742667152,-569.5751151255237
galore,1,2877,105,0.0,0.0,0.6887652774651846,0.0557910280328239,0.0200977918969632,0.0012959427663569,0.0015439380051134,0.0028109800347995,0.0363927531376096,0.0328738862087144,0.0341764182431916,0.0041308985757003,0.0019094588667106,0.0970761961448261,0.0027589818566866,0.0018705489950813,0.0015674422316749,0.0052015128572596,0.0009594516360114,0.0037457265780555,0.0004161708824597,0.0006876894298481,0.0020213878736588,0.0012207582347703,0.0008611362460252,0.0001548394230563,0.0002288754521089,0.0001000332739996,0.0001119097898746,269.99598876635235,21.87008298886697,7.878334423609582,0.5080095644119259,0.6052236980044654,1.101904173641439,14.26595922994299,12.88656339381608,13.397155951331117,1.6193122416745305,0.7485078757505713,38.05386888877183,1.0815208878211706,0.733255206071893,0.6144373548165731,2.0389930400457765,0.3761050413165018,1.4683248185977693,0.1631389859242062,0.2695742565004669,0.7923840464742777,0.4817468596778175,0.4785372280299876,0.3375654084419087,0.060697053838074,0.0897191772266978,0.0392130434078505,0.0438686376308699,galore,0.0126496523771113,0.0202618258566549,0.0656263071940088,0.0184044620100346,0.0191316510663454,0.0126496523771113,0.0511388545010428,0.002360219450755,0.0007248168434395,0.0101048508434189,0.0001059715319371,0.3544315346810738,0.0012583505005636,0.0023034314120403,0.0018100590513559,0.3448132068556049,0.0186761023868105,0.0016210730542145,0.3544315346810738,0.0282452725172863,0.0016251669721327,0.0200692398578325,0.0184044620100346,0.0170514161396604,0.0495487920092424,0.0103927406634056,0.0114543859658813,0.0009918065570673,0.0010321491448834,0.011059589885311,0.0100989125854814,0.0191316510663454,0.0008493887140848,0.0416858891263826,0.2411192888636119,0.0078481543944992,0.0023705793617901,0.0172206642201946,0.0439904900757331,0.2314609870683013,0.045866615952712,0.0030351904081208,0.0102569813897114,0.0020054605559556,0.0193987007613208,0.0067699116536124,0.0120533437857753,0.0140034789591096,0.0330199364196535,0.0075381642993634,0.0138277011164404,0.0129605321524195,0.0308666506842977,0.0132647006609703,0.0080431767221776,0.0140030095702487,0.0009759078329254,0.0026799223231534,0.0027922218654686,0.0008533045580649,0.0078654871205369,0.0017758936786422,0.0126496523771113,0.019543636268098,0.0236617807544202,4.958663731827668,7.94263573580874,25.725512420051466,7.214549107933583,7.499607218007416,4.958663731827668,20.0464309644088,0.9252060246959796,0.2841282026283231,3.961101530620208,0.0415408405193432,138.93716159498095,0.4932733962209312,0.7095431481315128,135.16677708739712,7.321032135629716,0.6354606372521037,138.93716159498095,11.072146826776269,0.6370654530760185,7.8671420242703585,7.214549107933583,6.684155126746916,19.42312646762304,4.073954340055015,4.490119298625489,0.3887881703703816,0.4046024647943123,4.335359235041912,3.958773733508708,7.499607218007416,0.3329603759212612,16.34086853754199,94.51876123453587,3.076476522643725,0.9292671098217452,6.750500374316302,17.244272109687376,90.7327069307741,17.979713453463102,1.1897946399833534,4.020736704766888,0.7861405379346214,7.604290698437767,2.6538053682160867,4.7249107640239565,5.489363751970976,12.9438150765042,2.9549604053504783,5.42045883764465,5.080528603748443,12.09972706824471,5.199762659100358,3.152925275093645,5.489179751537529,0.3825558705067698,1.0505295506761525,1.0945509712637045,0.3344953867614669,3.083270951250478,0.6961503220277554,4.958663731827668,7.661105417094443,9.275418055732755,-0.7037026736156236,-275.85144805732443
tweep,1,2877,105,0.0,0.0,0.7016028066476186,0.0519353896707836,0.2031402131454645,0.0022842959562391,0.0016914722082788,0.002351452932847,0.0103161297596633,0.0034236238109125,0.0027479838169028,0.0019570379446539,0.002147185724804,0.0004290659191497,0.0015694573999098,0.0008768956579766,0.0012762443540073,0.0007859765898198,0.0002797456486405,0.0004752002050357,0.000275537385221,0.0011908361677797,0.0002171895370111,0.007029864289431,0.0007148871762107,0.0001323615511855,0.0002089868068158,0.000107586124803,0.0002024457821979,275.0283002058665,20.358672750947186,79.63096355302211,0.8954440148457554,0.6630571056452936,0.9217695496760524,4.043922865788015,1.3420605338777325,1.077209656225932,0.7671588743043383,0.8416968041231787,0.1681938403066851,0.6152273007646727,0.3437430979268659,0.5002877867708927,0.3081028232093861,0.109660294267087,0.1862784803740093,0.1080106550066375,0.4668077777696453,0.0851382985083546,0.2470105480648878,2.755706801456957,0.2802357730746128,0.0518857280647277,0.0819228282718237,0.0421737609228027,0.0793587466215891,tweeps,0.1019630948676421,0.0061365838521586,0.0015885248680262,0.0052958335724421,0.0055965127088199,0.1019630948676421,0.0006075212544847,0.0022493193288255,0.0036194255481234,0.1016713294638312,0.0001550159535004,0.4523715098965415,0.004657080122835,0.0005950436906232,0.0011421722880602,0.3511588469119147,0.0052979377041519,0.003623526913221,0.4523715098965415,0.1067281714525639,0.000423659243078,0.0053956649823495,0.0052958335724421,0.0020268763800288,0.0003231277280804,0.1021655246566221,0.1027458330391557,0.0007758908696141,0.0011397736379947,0.1016787013412378,0.1016238996351337,0.0055965127088199,0.0009119168797321,0.0218917144137864,0.2348754426165808,0.068633502237718,0.0008179910434351,0.0023499340824599,0.0013566264223577,0.2342214402075531,0.0042340778744889,0.0010207890329448,0.1017078752653427,0.00226097820463,0.0181139163517577,0.0678167483508218,0.001433255185377,0.003792547911568,0.0006602825527926,0.0708181244637115,0.0041843044509859,0.0011676432235263,0.0208423522718892,0.0012698325973145,0.0708405101225808,0.0038894085408918,0.0008179875695364,0.0012935834468994,0.0008769904583168,0.0008462403118916,0.0688941674153637,0.0038885377261723,0.1019630948676421,0.0186370526117671,0.0044465503205957,39.96953318811572,2.405540870046172,0.62270174826629,2.075966760397322,2.1938329818574203,39.96953318811572,0.238148331758022,0.8817331768995961,1.4188148148643729,39.85516114982183,0.0607662537721764,177.3296318794443,1.82557540815134,0.447731536919618,137.65426798947055,2.0767915800275447,1.4204225499826515,177.3296318794443,41.83744320940505,0.1660744232866151,2.115100673081004,2.075966760397322,0.7945355409712896,0.1266660694075168,40.048885665395865,40.27636655134905,0.3041492208887468,0.446791266093942,39.85805092576522,39.836568656972425,2.1938329818574203,0.3574714168550028,8.581552050204294,92.07117350569968,26.904332877185453,0.3206524890265853,0.9211741603242808,0.5317975575642445,91.81480456136084,1.6597585267996748,0.4001493009144007,39.869487104014354,0.8863034562149731,7.100655209889019,26.584165353522145,0.5618360326677971,1.486678781334669,0.2588307606947253,27.760704789774923,1.640247344786473,0.4577161436223227,8.170202090580604,0.4977743781472971,27.769479968051684,1.5246481480296117,0.3206511272582949,0.507084711184604,0.3437802596602117,0.3317262022615334,27.006513626822585,1.5243067886595678,39.96953318811572,7.30572462381273,1.7430477256735144,-2.1260201299050725,-833.3998909227885
china,1,2877,105,0.0,0.0,0.8836737672487894,0.0517197346926347,0.0244802374363833,0.0014134630179682,0.0017703921523851,0.0030824143685777,0.0246120605791967,0.0007955668079375,0.0015345126275102,0.0006776570571673,0.0007928235764893,0.0005613269281639,0.0004101436347051,0.0008300808401221,0.0003765426032487,0.0005579563482266,0.0001182045129629,0.0002568623353719,5.858960311873792e-05,0.0001753121778544,0.0003085343782155,0.0003136498617285,0.0003781695225673,7.047489234916308e-05,8.86648061471836e-05,5.735268830638537e-05,6.29461941343834e-05,346.40011676152545,20.27413599951281,9.596253075062274,0.5540775030435725,0.6939937237349719,1.208306432482459,9.647927747045136,0.3118621887115296,0.6015289499840341,0.265641566409613,0.3107868419838269,0.2200401558402518,0.1607763048044338,0.325391689327868,0.1476047004734937,0.2187188885048575,0.046336169081466,0.1006900354658076,0.0229671244225452,0.0687223737189318,0.1209454762605067,0.3224308257986195,0.1229507457975766,0.1482424528464131,0.0276261578008719,0.0347566040096959,0.022482253816103,0.0246749081006782,china,0.0125190968923049,0.012644858818182,0.001047919777837,0.0123353250911577,0.0127210707096594,0.0125190968923049,0.0005596416381952,0.0019376189725335,0.0002011573339378,0.0122715918152588,6.014944122038439e-05,0.4540770023425863,0.0008635564398483,0.0003175159289696,0.0003941565786362,0.4420259683856783,0.0123651325460798,0.000311092119972,0.4540770023425863,0.02454614900779,0.0005655309975243,0.0124344614572843,0.0123353250911577,0.0008090472123853,0.0004349306531897,0.0123277748071188,0.0137813259024805,0.0002175661031837,0.0004316492344192,0.0123943859072994,0.0122687950623448,0.0127210707096594,0.0009204335223671,0.0257091206932563,0.2950889564931395,0.0083552310829809,0.0003681319827818,0.0005860547055931,0.0005551427047723,0.2947634377333782,0.0086170148548426,0.0005856823364574,0.012269413519751,0.0017629003210117,0.0179560987891957,0.0082001787729413,0.0006565482779592,0.0084095355101806,0.0003321530448437,0.0087357834386933,0.0084693073831089,0.0006365264919483,0.0254634616249833,0.0007170195262851,0.0092921005555631,0.0085663345848969,0.0008877982205224,0.0007500923370002,0.0003422298620168,0.0007396788557671,0.0092459879942718,0.0016031757494248,0.0125190968923049,0.018301196620996,0.0087350542699418,4.90748598178354,4.956784656727344,0.4107845529121236,4.835447435733825,4.986659718186485,4.90748598178354,0.2193795221725379,0.759546637233132,0.0788536749036339,4.810463991581466,0.0235785809583906,177.99818491829384,0.3385141244205532,0.1545093788253904,173.2741796071859,4.847131958063282,0.121948111029024,177.99818491829384,9.62209041105368,0.2216881510295452,4.8743088912554455,4.835447435733825,0.3171465072550572,0.1704928160503624,4.83248772439059,5.402279753772357,0.0852859124480178,0.1692064998923387,4.858599275661365,4.809367664439178,4.986659718186485,0.3608099407679155,10.07797531175647,115.67487094531069,3.2752505845285262,0.1443077372505047,0.2297334445924952,0.2176159402707416,115.54726759148429,3.377869823098312,0.2295874758913269,4.809610099742399,0.6910569258365994,7.038790725364716,3.214470078993012,0.2573669249600113,3.296537919990826,0.1302039935787615,3.424427107967787,3.319968494178715,0.2495183848437467,9.981676956993484,0.2810716543037903,3.6425034177807616,3.358003157279585,0.3480169024448152,0.294036196104098,0.1341541059105905,0.2899541114607376,3.624427293754546,0.6284448937745216,4.90748598178354,7.174069075430432,3.424141273817217,-1.3838851724147312,-542.4829875865746
bj,1,2877,105,0.0,0.0,0.8522257208824158,0.0043151428611925,0.0246642011806178,0.0588186737153174,0.0230935084627503,0.0206023709404803,0.0037949502427636,0.0030836675438952,0.0026866122978882,0.0006166977977576,0.0012655679295979,0.0003264566605736,0.0005977054239281,0.0007265338272948,0.0004097758903895,0.0003574501351598,0.0001792307980347,0.0001996558148865,8.681787463160617e-05,0.0003228725514645,0.0001333772714057,0.0006813803309266,0.0002187203385422,6.960412195648284e-05,9.95345418175475e-05,5.1595765379867466e-05,5.793591152306969e-05,334.072482585907,1.691536001587489,9.668366862802182,23.056920096404458,9.052655317398148,8.076129408668294,1.4876204951633554,1.2087976772069549,1.0531520207722072,0.2417455367209792,0.4961026284023925,0.1279710109448615,0.2343005261798225,0.2848012602995974,0.1606321490327218,0.1401204529826524,0.0702584728296263,0.0782650794355201,0.0340326068555896,0.1265660401741115,0.0522838903910572,0.1231829967976712,0.2671010897232311,0.0857383727085713,0.0272848158069412,0.0390175403924786,0.020225540028908,0.0227108773170433,bj,0.0125108256578887,0.0022058240202606,0.0015065344792308,0.0019408840586976,0.0022607420350292,0.0125108256578887,0.0003419533978666,0.0109339694350391,0.000390457436372,0.0123610685460704,5.476583845146858e-05,0.4384449610315168,0.029750027023122,0.0002091880767143,0.0004082128812351,0.426222220610479,0.0019870905203991,0.0004073788011661,0.4384449610315168,0.0142295757116906,0.0002238098050876,0.001997303028825,0.0019408840586976,0.0016989549413323,0.0002299169659896,0.0124935368660411,0.022633286060549,0.0002482968825105,0.0006675860257771,0.0123987892260117,0.0123578984729988,0.0022607420350292,0.0115815562923533,0.0037312535492837,0.2849997170183119,0.0085282597186701,0.0003097686223993,0.0017467217171423,0.0011811671586248,0.2842233296307357,0.0015793682336982,0.0003768653171378,0.0123755095276247,0.0268955375284651,0.0092091238874949,0.0082579109525069,0.0010610686876364,0.0014130727508516,0.0002743501418649,0.0280547517422872,0.0015302929461853,0.0010218329702698,0.0027323036595292,0.0010436267692265,0.0153159841506749,0.0015737132949816,0.007825784974492,0.0004654700682635,0.0003473244779065,0.0077939443077496,0.0151964815575208,0.026700808328908,0.0125108256578887,0.0287424416797534,0.0021894601384278,4.904243657892409,0.8646830159421551,0.5905615158585128,0.7608265510094604,0.8862108777314465,4.904243657892409,0.1340457319637464,4.286116018535327,0.1530593150578529,4.8455388700596105,0.0214682086729756,171.8704247243546,11.662010593063824,0.1600194494441787,167.07911047930776,0.7789394839964667,0.1596924900571308,171.8704247243546,5.577993678982754,0.0877334435943392,0.7829427872994197,0.7608265510094604,0.6659903370022813,0.0901274506679428,4.897466451488131,8.872248135735227,0.0973323779441368,0.261693722104659,4.860325376596606,4.844296201415543,0.8862108777314465,4.539970066602529,1.4626513913192365,111.71988907117826,3.343077809718692,0.1214292999805386,0.6847149131198011,0.4630175261809347,111.4155452152484,0.6191123476097206,0.1477312043180437,4.851199734828883,10.543050711158356,3.60997656389804,3.2371010933827096,0.4159389255534827,0.5539245183338541,0.1075452556110416,10.997462682976607,0.5998748349046376,0.4005585243457615,1.07106303453546,0.4091016935368018,6.00386578706456,0.6168956116328004,3.067707710000901,0.1824642667593116,0.1361511953393488,3.055226168637867,5.957020770548179,10.466716864931977,4.904243657892409,11.267037138463332,0.8582683742636984,-1.6728013949547527,-655.738146822263
recession,1,438,18,-0.4215,-25.7115,0.874094545841217,0.018371798067245,0.0544682110526745,0.0034747689664982,0.0017438202523104,0.0107775938125011,0.023782911593642,0.0004553894594134,0.0019263804895028,0.0005742589509859,0.0022772031164777,0.0002848565735125,0.0006653276281554,0.0005653401836222,0.0002325413129753,0.0006879738060471,0.000128883002219,0.000431688427227,6.321202555170657e-05,0.0003201488475876,0.0004760836948302,0.0008233429114739,0.0010962935608821,0.0001012759964732,0.0001520340689988,6.618413086793377e-05,7.421189039291676e-05,53.31976729631424,1.1206796821019462,3.322560874213148,0.2119609069563921,0.1063730353909401,0.6574332225625691,1.450757607212168,0.0277787570242177,0.1175092098596716,0.0350297960101452,0.138909390105141,0.0173762509842679,0.04058498531748,0.0344857512009563,0.0141850200914959,0.0419664021688769,0.0078618631353606,0.0263329940608514,0.0038559335586541,0.0195290797028443,0.029041105384645,0.1149060951532116,0.0502239175999079,0.0668739072138085,0.0061778357848704,0.0092740782089274,0.0040372319829439,0.0045269253139679,recession,0.0275780924293608,0.0121785852723139,0.0011056185315076,0.0119230618095968,0.0121741258886321,0.0275780924293608,0.0004864151897797,0.0065273984644894,0.0004876884902363,0.0272712114715337,7.019801063042527e-05,0.4642813784469458,0.002149055938986,0.0007639909940545,0.0008808105945187,0.4375954197010496,0.0119558972979305,0.000649713303152,0.4642813784469458,0.0391255613231582,0.0011798950863758,0.0121073000104345,0.0119230618095968,0.0011695479686674,0.0003804701341713,0.027394179950131,0.0326229024325878,0.0001478766692635,0.0011892395564754,0.0274721473737523,0.0272671975917712,0.0121741258886321,0.0009225481243918,0.0142033663734334,0.2920280461187571,0.0184845625094725,0.0003930752160117,0.0003439653861943,0.0004054432425853,0.2916152438909386,0.0082140090393801,0.0009632179520448,0.0272657115391131,0.0055098552984923,0.0070706372934791,0.0182028690246451,0.0007407112760099,0.0081780324750802,0.0001935366373465,0.0195887743102155,0.0081620178489489,0.0008289839729829,0.0140726405621462,0.0008925221070338,0.0220230492588831,0.0082599800681637,0.001242934242235,0.0012289827144537,0.0004721711532514,0.0009804632698885,0.0218553179042544,0.0050252352301577,0.0275780924293608,0.0078634624286845,0.0085908347028988,1.6822636381910088,0.742893701611151,0.0674427304219666,0.727306770385408,0.7426216792065581,1.6822636381910088,0.0296713265765678,0.3981713063338534,0.0297489979044173,1.663543899763556,0.0042820786484559,28.321164085263693,0.131092412278149,0.0537294462656437,26.693320601764025,0.7293097351737605,0.039632511492275,28.321164085263693,2.386659240712653,0.0719736002689268,0.7385453006365045,0.727306770385408,0.0713424260887144,0.0232086781844523,1.6710449769579938,1.989997048387856,0.0090204768250737,0.0725436129450024,1.6758009897988937,1.663299053098044,0.7426216792065581,0.0562754355878998,0.8664053487794413,17.813710813244185,1.1275583130778224,0.0239775881767137,0.0209818885578553,0.0247320377977073,17.788529877347255,0.5010545514021881,0.0587562950747328,1.6632084038858992,0.3361011732080323,0.4313088749022292,1.110375010503352,0.045183387836606,0.4988599809798963,0.0118057348781366,1.1949152329231476,0.4978830887858869,0.0505680223519589,0.8584310742909204,0.0544438485290659,1.3434060047918732,0.5038587841579878,0.075818988776337,0.0749679455816757,0.0288024403483355,0.0598082594632025,1.3331743921595185,0.3065393490396217,1.6822636381910088,0.4796712081497564,0.5240409168768291,-1.954887135424812,-119.24811526091354
veronique,1,438,18,0.0,0.0,0.9085703293482462,0.0179599122186099,0.0205132712220953,0.0029037621863305,0.0042272035021445,0.0055038485561832,0.0151890192381642,0.0035274427503964,0.0063755578235789,0.0061123164533209,0.0016443511220245,0.0003596858124789,0.0016524812642918,0.0008112858483476,0.000485920688997,0.0004745202844939,0.0005258719256554,0.0004997411338839,0.0004144772057941,0.0004707770846058,0.0002505383501822,0.0003819508951892,0.0002101692647708,0.000171928942322,0.000166599126904,0.000105788469682,7.796798115577985e-05,55.42279009024302,1.095554645335208,1.2513095445478182,0.1771294933661617,0.2578594136308159,0.3357347619271801,0.9265301735280218,0.2151740077741806,0.3889090272383176,0.3728513036525764,0.1003054184434972,0.0219408345612161,0.1008013571218005,0.0494884367492053,0.0296411620288192,0.0289457373541305,0.0320781874649848,0.0304842091669191,0.0252831095534418,0.0287174021609549,0.0152828393611154,0.0252086413309674,0.0232990046065424,0.0128203251510209,0.0104876654816479,0.0101625467411471,0.0064530966506026,0.0047560468505025,veronique,0.0104938957532946,0.0106506678457425,0.0033676218180289,0.0078017482219791,0.0080001525432559,0.0104938957532946,0.0004171030484864,0.0035740998391038,0.0002742750110466,0.0102956196016255,9.187822541888992e-05,0.4645418002851708,0.0016428565407598,0.0003549551993273,0.0009313252645313,0.4543902493065085,0.0078574455819098,0.0003162446226857,0.4645418002851708,0.0178511452301297,0.0003318973827219,0.007844380186024,0.0078017482219791,0.001970349582829,0.0003051120813305,0.0104920241533505,0.0130085598891392,0.0004501989473955,0.0009081400321732,0.0103819047861387,0.0103095298458886,0.0080001525432559,0.0021995662222332,0.0122254580690568,0.3051201214592064,0.0075455098569976,0.0022962422430528,0.0020066817196967,0.0013792223043525,0.3031531089461781,0.0072203405013213,0.0023417713341555,0.0104638742139447,0.003350653954846,0.0074657616618417,0.006899009224311,0.00242531857279,0.005359338909484,0.0004200279024233,0.0079329947678716,0.0072757358723801,0.0024670569610394,0.0111878028875227,0.0024215184379556,0.0087996902244892,0.0055000154067985,0.0016041296199094,0.0032627864342913,0.0008471595848599,0.0015364339030791,0.0088292989542947,0.0029298538792343,0.0104938957532946,0.0083636259690283,0.0073263514225123,0.6401276409509706,0.6496907385902956,0.2054249308997629,0.4759066415407281,0.4880093051386099,0.6401276409509706,0.0254432859576704,0.2180200901853348,0.0167307756738426,0.6280327956991579,0.0056045717505522,28.337049817395418,0.1002142489863508,0.0568108411364092,27.71780520769702,0.4793041804964977,0.0192909219838277,28.337049817395418,1.0889198590379148,0.0202457403460389,0.478507191347467,0.4759066415407281,0.120191324552572,0.0186118369611635,0.6400134733543835,0.7935221532374942,0.0274621357911285,0.0553965419625682,0.6332961919544637,0.6288813205992076,0.4880093051386099,0.1341735395562282,0.7457529422124668,18.61232740901159,0.4602761012768557,0.1400707768262228,0.1224075849014987,0.0841325605655025,18.492339645716864,0.4404407705806013,0.1428480513834855,0.6382963270506267,0.20438989124561,0.4554114613723457,0.4208395626829726,0.14794443294019,0.326919673478528,0.0256217020478233,0.4839126808401716,0.4438198882151901,0.1504904746234034,0.6824559761388866,0.1477126247152936,0.5367811036938432,0.3355009398147126,0.0978519068144734,0.1990299724917693,0.0516767346764559,0.0937224680878251,0.5385872362119807,0.1787210866332923,0.6401276409509706,0.5101811841107263,0.4469074367732563,-1.4135417040898461,-86.22604394948061
branquinho,1,438,18,0.0,0.0,0.9204310576121012,0.0251409033683103,0.0180186445942733,0.0015684080669113,0.001848534046303,0.0041214739692729,0.011396316458151,0.0025886694970722,0.0030058638676564,0.0044818167677173,0.0007930083094151,0.0003474009083106,0.001419864464727,0.0006025377444226,0.0006425826128785,0.0003880892151452,0.0003090668691356,0.0004136627208026,0.0002678032642506,0.0003877187399439,0.000242989647783,0.0003313802547684,0.000245898324124,0.0001159291886096,0.0001354031376574,0.0001010095734651,0.0001112597216585,56.14629451433817,1.5335951054669297,1.0991373202506718,0.09567289208159,0.1127605768244848,0.2514099121256474,0.6951753039472143,0.1579088393214078,0.1833576959270431,0.2733908228307579,0.0483735068743271,0.0211914554069494,0.0866117323483498,0.0367548024097838,0.0391975393855924,0.0236734421238603,0.0188530790172762,0.0252334259689632,0.0163359991192919,0.0236508431365791,0.0148223685147665,0.0331047039726399,0.0202141955408781,0.0149997977715656,0.0070716805051915,0.0082595913971014,0.0061615839813763,0.0067868430211698,branquinho,0.0092033669047092,0.0079390666129341,0.0016766323879834,0.0058320598612008,0.0059994271012868,0.0092033669047092,0.0003677450617278,0.002457241139344,0.0002333916962129,0.0090649521579659,0.0001061346475618,0.4692248511031872,0.0009498941608398,0.0003297805224632,0.0008328813944255,0.4603384779681126,0.0058526916636433,0.0002871849512757,0.4692248511031872,0.0147074805262121,0.000392844856454,0.0059049895894768,0.0058320598612008,0.0015656847810987,0.0002951952780468,0.0092031816671086,0.0110700592817731,0.0004551929385645,0.0004544687490123,0.0091308171210281,0.0090598270838692,0.0059994271012868,0.0009822316174563,0.0130419631078444,0.3079015749146694,0.006608742599648,0.0016779577615452,0.0016156260549753,0.0010596866843886,0.3070289833638323,0.0054085113780596,0.0018127265178817,0.0091432239292619,0.0021609634485331,0.0090784452462457,0.0060769712964656,0.0013054165815951,0.0040174029791822,0.0004192622618132,0.006639477638651,0.0053957333650013,0.0012428644858648,0.0122683410302372,0.0012205854490174,0.0074904996061048,0.0041375056411254,0.0008357211000126,0.0025122584164212,0.0006919189813742,0.0007367871863455,0.0075092791011633,0.0020070874303175,0.0092033669047092,0.0095192818271748,0.0048899945300193,0.5614053811872644,0.4842830633889831,0.1022745756669935,0.3557556515332488,0.3659650531784948,0.5614053811872644,0.0224324487654019,0.149891709499984,0.0142368934689869,0.5529620816359199,0.0064742135012697,28.62271591729442,0.0579435438112308,0.0508057650599555,28.08064715605487,0.3570141914822413,0.0175182820278177,28.62271591729442,0.8971563120989412,0.0239635362437001,0.3602043649580848,0.3557556515332488,0.0955067716470206,0.0180069119608548,0.5613940816936246,0.6752736161881592,0.0277667692524375,0.0277225936897533,0.5569798443827172,0.5526494521160212,0.3659650531784948,0.0599161286648343,0.7955597495785145,18.781996069794832,0.4031332985785321,0.1023554234542633,0.0985531893534963,0.0646408877477046,18.728767985193773,0.3299191940616376,0.1105763175907837,0.557736659684979,0.1318187703605191,0.5537851600209918,0.3706952490844036,0.0796304114773051,0.2450615817301182,0.0255749979706072,0.405008135957711,0.3291397352650793,0.0758147336377568,0.7483688028444753,0.0744557123900614,0.4569204759723969,0.2523878441086494,0.0509789871007686,0.1532477634016962,0.0422070578638302,0.0449440183670775,0.4580660251709654,0.1224323332493695,0.5614053811872644,0.5806761914576668,0.2982896663311793,-1.4394833425152995,-87.80848389343328
quit,1,438,18,0.0,0.0,0.6092997292677561,0.0037556251475147,0.0332513069684523,0.0478128226735824,0.0059544759070888,0.175810114887137,0.0015822209788514,0.0010487331014322,0.0075455845239578,0.0011917790098721,0.0494550794736217,0.0002094326417534,0.0066362081133017,0.0014938677834,0.0002847671030063,0.0008638772738436,0.0004351007597544,0.0007183856407285,0.0005146243974157,0.0149656528113079,0.0004384385234175,0.0287613257530476,0.0009813047883161,0.0017719220003632,0.0033500515679918,0.0006360408621333,0.0006946301330401,37.16728348533312,0.2290931339983994,2.0283297250755936,2.916582183088527,0.3632230303324206,10.724417008115362,0.0965154797099406,0.0639727191873665,0.4602806559614312,0.0726985196021985,3.016759847890929,0.0127753911469596,0.4048086949114046,0.0911259347874041,0.0173707932833859,0.0526965137044612,0.0265411463450201,0.0438215240844404,0.0313920882423606,0.9129048214897844,0.0267447499284685,0.0327497328941035,1.7544408709359045,0.0598595920872829,0.1080872420221557,0.2043531456475023,0.0387984925901321,0.0423724381154499,quit,0.0170575921211479,0.0013869999943617,0.0038775085828556,0.0010484226881335,0.0015380443811257,0.0170575921211479,0.0005366549577985,0.1126325971803793,0.0160556886605197,0.0169729685507462,0.0006653354975867,0.3212755181181042,0.038287074213315,0.0008498452145223,0.0038087564508088,0.3051405170280361,0.0010086608693029,0.0145998821382325,0.3212755181181042,0.0174167639736518,0.0004876596952669,0.0011503033097899,0.0010484226881335,0.0007928069842742,0.0003239355825854,0.0241084798898801,0.1045307109277946,0.000399695750211,0.0256135007369924,0.0168448727459349,0.0169436739152928,0.0015380443811257,0.003863198953726,0.0021288597425994,0.2057866460630432,0.0182843892976873,0.0006884394310146,0.0006667501022192,0.0005655347555343,0.2035594103130051,0.0009944775434923,0.0008156818392389,0.016882965682934,0.0910260056781137,0.0035638019476398,0.0115273259878752,0.0027816586747932,0.0009869075500369,0.0003362747140584,0.0366084851316941,0.0010697002494926,0.0028996903081469,0.0019508235079272,0.0029746953984056,0.0792742492028789,0.0012648248009933,0.0027544262581894,0.0008643299384942,0.002671569928187,0.002902567565256,0.0746756915556324,0.0841280877712556,0.0170575921211479,0.0191743079093953,0.0032141433000749,1.040513119390025,0.0846069996560667,0.2365280235541916,0.0639537839761465,0.0938207072486677,1.040513119390025,0.0327359524257085,6.87058842800314,0.9793970082917016,1.0353510815955185,0.0405854653527887,19.597806605204354,2.335511527012215,0.2323341434993429,18.613571538710204,0.0615283130274769,0.8905928104321855,19.597806605204354,1.0624226023927628,0.0297472414112839,0.0701685018971869,0.0639537839761465,0.0483612260407322,0.0197600705377124,1.470617273282686,6.376373366595473,0.024381440762871,1.5624235449565396,1.0275372375020289,1.0335641088328609,0.0938207072486677,0.235655136177286,0.1298604442985654,12.552985409845634,1.1153477471589253,0.0419948052918946,0.0406717562353742,0.0344976200875963,12.417124029093314,0.0606631301530302,0.0497565921935789,1.029860906658974,5.552586346364936,0.2173919188060318,0.7031668852603892,0.1696811791623892,0.0602013605522508,0.0205127575575664,2.23311759303334,0.0652517152190506,0.1768811087969609,0.1190002339835632,0.1814564193027477,4.835729201375617,0.0771543128605913,0.1680200017495574,0.0527241262481492,0.1629657656194069,0.177056621480618,4.555217184893577,5.131813354046596,1.040513119390025,1.1696327824731134,0.1960627413045729,-2.007429791187687,-122.45321726244892
company,1,438,18,0.0,0.0,0.9361253380775452,0.0213160184373274,0.0111718558704391,0.0040202432261461,0.0051415237054091,0.0077316507284497,0.0047559289769575,0.0011974743571651,0.0016102103220418,0.0015460606367696,0.0009141575952753,0.0004007095495713,0.0005915547459759,0.0006341181834272,0.0002682225784269,0.0002412533413386,0.0001361952483686,0.0002060656006032,7.981786671014864e-05,0.0002182456474789,0.0001887283343648,0.0002532701636444,0.0002871502019085,7.936191916731634e-05,0.0001008186411108,4.833599533545415e-05,4.693768612658763e-05,57.103645622730255,1.3002771246769764,0.6814832080967884,0.2452348367949166,0.3136329460299596,0.4716306944354376,0.2901116675944119,0.0730459357870737,0.0982228296445555,0.0943096988429488,0.0557636133117966,0.0244432825238523,0.0360848395045347,0.0386812091890647,0.0163615772840444,0.0147164538216581,0.0083079101504874,0.0125700016367981,0.004868889869319,0.0133129844962146,0.0115124283962586,0.04201278535434,0.0154494799823131,0.0175161623164209,0.0048410770692062,0.0061499371077597,0.0029484957154627,0.0028631988537218,company,0.0057065546058888,0.0031509948068635,0.0010054599358065,0.0024178734218338,0.0026950235801923,0.0057065546058888,0.0003209814454549,0.0043229041618625,0.0001770444023776,0.0056093967782828,4.763684073102089e-05,0.4736485969739921,0.0021367566948952,0.0002466079012558,0.0004393524739422,0.4682062441397268,0.002446062112663,0.0002209992490046,0.4736485969739921,0.0079638924236983,0.0004387312602507,0.0024809972887803,0.0024178734218338,0.0009431042716509,0.000294718941968,0.005695050758959,0.0094517532994444,0.0001740202225685,0.0004967597572213,0.0056802921024019,0.0056100959328872,0.0026950235801923,0.0026104428122882,0.00908980725715,0.3126051220887657,0.0039938854212979,0.000623661406501,0.000732848467796,0.0005956374137004,0.312148803095198,0.0022342330544328,0.0008136201411698,0.0056258368685746,0.0042220171832903,0.008914897448215,0.0037557098506337,0.0006527502557262,0.001692333395002,0.0002495833315694,0.0051484564200765,0.0021460616206985,0.0006508237236712,0.008717255093665,0.0006437605100301,0.0063855922541777,0.0018653709203292,0.0019698732702377,0.0011173974114531,0.0003042086513415,0.0018360119421616,0.0063739174154558,0.0040017213727467,0.0057065546058888,0.0101592617896275,0.0021486523885698,0.3480998309592198,0.1922106832186765,0.0613330560841995,0.1474902787318632,0.1643964383917333,0.3480998309592198,0.0195798681727519,0.2636971538736125,0.0107997085450336,0.3421732034752535,0.0029058472845922,28.89256441541352,0.1303421583886102,0.0268005009104742,28.560580892523337,0.149209788872446,0.0134809541892806,28.89256441541352,0.4857974378455963,0.0267626068752957,0.1513408346156013,0.1474902787318632,0.0575293605707049,0.017977855460051,0.347398096296499,0.5765569512661084,0.0106152335766799,0.0303023451904997,0.346497818246519,0.3422158519061239,0.1643964383917333,0.1592370115495807,0.55447824268615,19.06891244741471,0.2436270106991759,0.038043345796561,0.044703756535556,0.0363338822357243,19.04107698880708,0.1362882163204007,0.0496308286113598,0.3431760489830521,0.2575430481807124,0.5438087443411149,0.2290983008886565,0.0398177655993032,0.103232337095127,0.0152245832257364,0.3140558416246685,0.1309097588626125,0.0397002471439432,0.5317525607135659,0.0392693911118411,0.3895211275048417,0.1137876261400872,0.1201622694845,0.0681612420986421,0.0185567277318345,0.1119967284718599,0.3888089623428098,0.2441050037375507,0.3480998309592198,0.6197149691672795,0.1310677957027587,-1.499010388991883,-91.43963372850487
shame,1,438,18,-0.4767,-29.0787,0.255667765935262,0.0262564119329908,0.1377934891109665,0.1551773210715813,0.0241944950539618,0.0472138807138738,0.0027030411874875,0.0009430128605648,0.0037590152181413,0.0006124917126726,0.0298831012526837,0.0006970114239569,0.0049390596104785,0.0012882633939928,0.0012026774056721,0.0008676419699137,0.0003326278868674,0.0013686006665617,0.0002925367540835,0.0168695185178269,0.0015357327768773,0.0125123732674789,0.0072012717767696,0.0032687264465494,0.2383393943309784,0.0015292837148687,0.0154067147523164,15.595733722050984,1.601641127912444,8.405402835768959,9.46581658536646,1.4758641982916745,2.880046723546305,0.1648855124367401,0.0575237844944543,0.2292999283066213,0.0373619944730307,1.8228691764137088,0.0425176968613717,0.3012826362391934,0.0785840670335649,0.073363321746001,0.05292616016474,0.0202903010989151,0.0834846406602688,0.017844741999094,1.0290406295874466,0.0936796993895162,0.496814237597088,0.7632547693162147,0.4392775783829468,0.1993923132395139,14.538703054189682,0.0932863066069937,0.939809599891305,shame,0.0693305655404401,0.00165776645008,0.002228013321049,0.0014977889707855,0.0019956522907401,0.0693305655404401,0.0007823266969352,0.0385484909832787,0.1254258837992286,0.0766001019316414,0.0084679992335925,0.1967306275231142,0.0838448471695301,0.0042849362216656,0.006070165693624,0.1314345188560158,0.0015178345371774,0.0070240530221781,0.1967306275231142,0.070248265149227,0.0048401142375951,0.0020358209270246,0.0014977889707855,0.0045437542794388,0.0011163721004171,0.0773315038143967,0.0925036849124201,0.0007476070798778,0.0165759138496165,0.0696646109439219,0.0696613864129176,0.0019956522907401,0.0137316107502556,0.0099674886603477,0.0865731059691622,0.0532006890797573,0.0008269507921391,0.0010728451331184,0.001058585687133,0.0856093148864197,0.0013375147747056,0.003375196025849,0.069043012932525,0.0774247676793796,0.0192173929212407,0.0515764958593838,0.0017514097926322,0.0012877399704949,0.0007307418612375,0.1018277278166755,0.0012160535956758,0.0018200812571901,0.0097506632915206,0.0016397313140461,0.0658399143641064,0.0017866350826806,0.0118692390662747,0.0043784937054927,0.0020330794448252,0.0115548310924269,0.0672922961142224,0.0716345250176446,0.0693305655404401,0.0685427426861779,0.0022515310532374,4.229164497966846,0.101123753454883,0.1359088125839951,0.0913651272179155,0.1217347897351491,4.229164497966846,0.0477219285130532,2.3514579499800035,7.650978911752947,4.672606217830128,0.5165479532491456,12.00056827890997,5.114535677341336,0.370280107311067,8.017505650216965,0.0925879067678244,0.4284672343528641,12.00056827890997,4.285144174102847,0.2952469684933011,0.1241850765485006,0.0913651272179155,0.2771690110457698,0.0680986981254431,4.717221732678198,5.642724779657629,0.0456040318725457,1.0111307448266094,4.249541267579236,4.249344571187974,0.1217347897351491,0.8376282557655916,0.6080168082812097,5.2809594641189,3.2452420338651957,0.0504439983204851,0.0654435531202254,0.064573726915113,5.222168208071604,0.0815884012570456,0.205886957576793,4.211623788884025,4.722910828442156,1.1722609681956846,3.146166247422416,0.1068359973505703,0.0785521382001889,0.0445752535354875,6.211491396817209,0.0741792693362258,0.1110249566885981,0.5947904607827567,0.1000236101568161,4.01623477621049,0.1089847400435206,0.7240235830427567,0.2670881160350577,0.1240178461343392,0.704844696638043,4.104830062967566,4.369706026076325,4.229164497966846,4.181107303856856,0.1373433942474834,-2.750860845898829,-167.80251159982856
happy,1,7726,164,0.5719,535.2984,0.0453206367480258,0.0375993777461189,0.0092814757596594,0.0006895782953506,0.0005688535582824,0.0036492327053565,0.754773368438085,0.009972514216012,0.0052897620201595,0.0777264202188234,0.0015766708462858,0.0116734655312029,0.001313683034823,0.0034240450562113,0.0191373475123934,0.0065245872974628,0.0011961205412565,0.0023589421180076,0.001454222153067,0.0006467690570085,0.0013405020630064,0.0010159882149309,0.0006291381790409,0.000343741687781,0.0002784673238238,0.0002914266509227,0.000445012977669,42.42011599615216,35.193017570367374,8.687461311041261,0.6454452844482148,0.5324469305523962,3.415681812213734,706.4678728580475,9.334273306187242,4.951217250869377,72.75192932481878,1.4757639121235115,10.926363737205977,1.2296073205943685,3.204906172613846,17.912557271600235,6.107013710425235,1.1195688266161596,2.2079698224551976,1.3611519352707546,0.6053758373600431,1.2547099309740588,1.3839931725669885,0.950964969175402,0.5888733355823206,0.3217422197631094,0.2606454150991339,0.2727753452636534,0.4165321470982235,happy,0.0079030315285611,0.4162498943284541,0.0084816137756812,0.378113795295576,0.3790987067471481,0.0079030315285611,0.0090990264143328,0.0026129517758211,0.0006472277693773,0.0048632443686642,0.0003682198142958,0.0273010562538426,0.0008527832551407,0.0014940401485242,0.0009714106069319,0.0229748874635333,0.3779847444896707,0.0011782451389686,0.0273010562538426,0.3820274220988722,0.0014095636236864,0.3785661552780462,0.378113795295576,0.0057255697001892,0.0065069837971046,0.0049641224083339,0.0064653542325079,0.0102957848327302,0.0009602062670334,0.0053109889113329,0.004786451205291,0.3790987067471481,0.0004562976230317,0.2674484201334052,0.0173548736404174,0.0037473092838303,0.0267543476076954,0.0145549308642027,0.0076621606034071,0.0177664820661852,0.2813910847293704,0.0271879958403991,0.0053678489563632,0.0019718272823309,0.0129324564944807,0.003339305129417,0.0086271105618733,0.2542507259628715,0.0107550117322211,0.0036623474233136,0.2778986363993883,0.0029482748931412,0.2646089894457569,0.0044228571568964,0.0046488988933156,0.2535187852041012,0.0007970734768099,0.0396025227015948,0.0030974974951175,0.0005139111417014,0.0045258258406748,0.0017849330718793,0.0079030315285611,0.0129526031999173,0.2538391175371038,7.3972375107331905,389.6099010914331,7.938790494037604,353.9145123966591,354.83638951533067,7.3972375107331905,8.516688723815548,2.4457228621685965,0.6058051921371995,4.551996729069691,0.3446537461809155,25.553788653596676,0.7982051268117419,0.9092403280883052,21.504494665867217,353.7937208423318,1.1028374500746565,25.553788653596676,357.5776670845444,1.3193515517704704,354.3379213402513,353.9145123966591,5.359133239377091,6.090536834089953,4.6464185742005775,6.0515715616274415,9.636854603435468,0.8987530659432623,4.971085621007595,4.480118328152424,354.83638951533067,0.4270945751576712,250.3317212448673,16.24416172743072,3.507481489665161,25.042069360802927,13.623415288893726,7.171782324789047,16.62942721394935,263.3820553066907,25.447964106613583,5.024306623155955,1.8456303362617847,12.104779278833968,3.125589601134344,8.07497548591341,237.9786795012478,10.06669098135895,3.427957188221561,260.1131236698274,2.7595852999801638,247.6740141212285,4.139794298855061,4.351369364143402,237.2935829510388,0.7460607742940977,37.06796124869282,2.8992576554300733,0.4810208286325416,4.236172986871614,1.6706973552790558,7.3972375107331905,12.123636595122592,237.5934140147292,4.735428173208901,4432.360770123531
bday,1,7726,164,0.0,0.0,0.7922943234443665,0.0351672126332308,0.0383837818185763,0.0014619716351755,0.0016566085517979,0.0038538778358467,0.0233490822525557,0.0572347305435793,0.0141972637568035,0.010483396106944,0.0022141730669318,0.0014865838335254,0.002349948576428,0.0020995135732277,0.0049088782997917,0.0009352564109216,0.0020953067682398,0.0006587951554214,0.0015057049810375,0.0009063091278846,0.0002800034954664,0.0009023521182408,0.0002875863713143,0.000236190243342,0.0002620686788551,0.0001877656986456,0.0001808287412832,741.587486743927,32.91651102470405,35.92721978218742,1.3684054505242784,1.550585604482876,3.607229654352522,21.854740988392223,53.57170778879026,13.288638876368168,9.81245875609966,2.072465990648197,1.3914424681797757,2.199551867536684,1.965144704541217,4.5947100886050976,0.8754000006226761,1.9612071350725275,0.6166322654744363,1.4093398622511586,0.8483053437000763,0.2620832717566372,0.3935871023704749,0.8446015826734765,0.2691808435502025,0.2210740677681997,0.2452962834083791,0.1757486939322916,0.1692557018411662,bday,0.0196595191147489,0.0169162391797498,0.0078419237951644,0.0124273936167966,0.0127242979128916,0.0196595191147489,0.0012109201222235,0.0030340254513892,0.0005822103985479,0.0192823052799297,0.0001842972199644,0.4153390526314713,0.0011821618767081,0.0004731907633678,0.0013187674738711,0.3962909549078404,0.0127221945103977,0.0005911778068536,0.4153390526314713,0.030866432035566,0.0003502512682302,0.0120039387039885,0.0124273936167966,0.0288276147922866,0.0008832936644959,0.0196450454732304,0.0211188298272115,0.0032072916404146,0.0012251816551369,0.0193318926570213,0.0192857737586109,0.0127242979128916,0.0009463993975699,0.0385836751431219,0.2693324307274025,0.0138800131742963,0.0042862354568833,0.0310718044216855,0.0196671059575237,0.2649117616121085,0.0117730207310083,0.0038542301011197,0.0199447433998069,0.0025100075126513,0.0123704691854476,0.012917458752835,0.0068706156792108,0.0085966812148382,0.0026337223714515,0.0135827018573308,0.0119759283759131,0.0056504552268215,0.0200073332889413,0.0055460750495875,0.0143800039242212,0.0087024636604016,0.0007710992787113,0.0054519475739689,0.0015969699894623,0.0007267950554847,0.0143813229274358,0.0020727338630876,0.0196595191147489,0.012761930940068,0.0130173503301322,18.401309891405017,15.83359987224586,7.340040672273925,11.632040425321618,11.90994284646663,18.401309891405017,1.133421234401196,2.839847822500338,0.5449489330408812,18.048237742014248,0.1725021978866784,388.7573532630572,1.1065035165988284,1.2343663555433964,370.9283337937386,11.907974061732292,0.5533424272149696,388.7573532630572,28.890980385289776,0.3278351870634672,11.235686626933283,11.632040425321618,26.9826474455803,0.8267628699681624,18.387762562943703,19.767224718269965,3.002024975428065,1.1467700292081384,18.094651526971983,18.05148423805985,11.90994284646663,0.8858298361254733,36.11431993396213,252.09515516084872,12.99169233114134,4.011916387642862,29.083208938697627,18.408411176242183,247.9574088689336,11.019547404223832,3.6075593746481327,18.668279822219255,2.349367031841648,11.578759157579016,12.090741392653593,6.430896275741402,8.046493617088618,2.465164139678635,12.713408938461694,11.209468959854725,5.288826092304987,18.726863958449087,5.191126246413932,13.459683673071108,8.145505986135898,0.7217489248737768,5.103022929234983,1.4947639101367751,0.6802801719337105,13.460918260079971,1.940078895850056,18.401309891405017,11.945167359903712,12.18423990900377,-1.118780699493479,-1047.1787347258964
4w75p,1,328,26,0.0,0.0,0.8504657745361328,0.0638276270682733,0.030522485742343,0.0043743152274752,0.0033327514387716,0.0089119627247479,0.0246456488534931,0.0028128489974127,0.0025996843074456,0.0019085012178644,0.000904791471233,0.0003673985068341,0.000924206110388,0.0014646485941132,0.0003230831471607,0.0002515293477548,0.000233633411085,0.0002427567145559,0.0001490655170073,0.0003485392728634,0.000178240134384,0.0003146548920843,0.0001762932461891,0.0001127296479429,0.0001382575384241,7.851524863629795e-05,6.734427491513391e-05,49.3270149230957,3.702002369959852,1.7703041730558955,0.2537102831935651,0.193299583448758,0.5168938380353817,1.4294476335026047,0.1631452418499369,0.15078168983185,0.1106930706361405,0.052477905331519,0.0213091133963795,0.0536039544025091,0.0849496184585708,0.0187388225353212,0.0145887021697793,0.0135507378429338,0.0140798894442468,0.0086457999864251,0.0202152778260824,0.0103379277942773,0.018717113042688,0.0182499837408916,0.0102250082789699,0.0065383195806892,0.0080189372285985,0.0045538844209052,0.0039059679450777,4w75p,0.0153870075450489,0.0132770750356787,0.0014835414071398,0.0123973571852501,0.0130551487238031,0.0153870075450489,0.0003094639272944,0.0049083770979904,0.0002264562152542,0.015294915008629,7.292976177571593e-05,0.4404941301392379,0.0023444850597797,0.0002095249803725,0.0005502496782885,0.4253210338911609,0.012439641132289,0.0002464475132341,0.4404941301392379,0.027584067297918,0.0002504744899737,0.0124442027840245,0.0123973571852501,0.0015677789214881,0.000272819320609,0.0154355125076032,0.0197172242335454,0.000236074332084,0.0005087605595879,0.0153503629383635,0.0153005004954896,0.0130551487238031,0.0017227405433572,0.030428708306393,0.2844048414535285,0.0105984103751981,0.0007734582544444,0.0015679660722867,0.0011194958795436,0.2836221231336316,0.0089738495260638,0.0008246555926612,0.0153357756296751,0.0047303564744853,0.022445557251078,0.0102227817552981,0.0010239443238712,0.008348747906085,0.0002798490570007,0.0117371519539675,0.0089292611608141,0.0010253581443621,0.0295407804795912,0.0010000930574025,0.013249701119725,0.0087843513873874,0.0012560633107593,0.0011156050317139,0.00044160032505,0.0012072581109678,0.0132609959133181,0.0045336442814358,0.0153870075450489,0.0238448979115066,0.009131466225982,0.8924464376128363,0.7700703520693675,0.0860454016141113,0.7190467167445115,0.7571986259805826,0.8924464376128363,0.0179489077830781,0.2846858716834461,0.0131344604847436,0.8871050705004859,0.0042299261829915,25.5486595480758,0.1359801334672255,0.0319144813407359,24.66861996568733,0.7214991856727648,0.0142939557675807,25.5486595480758,1.599875903279247,0.0145275204184775,0.7217637614734209,0.7190467167445115,0.0909311774463098,0.0158235205953248,0.8952597254409856,1.1435990055456362,0.013692311260872,0.0295081124561011,0.890321050425083,0.8874290287383997,0.7571986259805826,0.0999189515147205,1.764865081770796,16.495480804304655,0.6147078017614918,0.044860578757779,0.0909420321926286,0.0649307610135287,16.450083141750635,0.5204832725117042,0.0478300243743534,0.8894749865211588,0.2743606755201512,1.301842320562524,0.5929213418072923,0.0593887707845296,0.4842273785529338,0.0162312453060406,0.6807548133301151,0.5178971473272217,0.0594707723730056,1.7133652678162916,0.0580053973293488,0.7684826649440539,0.5094923804684691,0.0728516720240413,0.0647050918394091,0.0256128188529019,0.0700209704361362,0.7691377629724498,0.2629513683232763,0.8924464376128363,1.3830040788673883,0.529625041106956,-1.4003374479701542,-81.21957198226895
I,1,328,26,0.0,0.0,0.4738119865457217,0.0136950538362725,0.0507140898068125,0.0028687937980672,0.2090791685138052,0.0244514164514839,0.0389704971360818,0.0024366177482685,0.0556016349582932,0.0050260896726589,0.0017331540002487,0.0927332704886794,0.011739112213642,0.0013789027677072,0.0013867031084373,0.0013371533714234,0.0017522639973321,0.0017350662152845,0.0012130322102166,0.0012635088302583,0.0012907221777519,0.0006156824238132,0.0016359452177615,0.0007688468685955,0.00053460260339,0.0002586735839334,0.0004159611756525,27.48109521965186,0.7943131225038087,2.941417208795125,0.1663900402879032,12.126591773800708,1.41818215418607,2.260288833892749,0.141323829399577,3.2248948275810108,0.2915132010142163,0.100522932014428,5.378529688343406,0.6808685083912375,0.0799763605270224,0.0804287802893668,0.077554895542562,0.1016313118452671,0.1006338404865043,0.0703558681925642,0.0732835121549821,0.074861886309615,0.0900172246086488,0.0357095805811695,0.0948848226301682,0.0445931183785432,0.0310069509966221,0.0150030678681408,0.0241257481878468,i,0.0260256215891179,0.0219982934043703,0.0741674527234863,0.0200917646731491,0.0201746999518944,0.0260256215891179,0.0470352119300514,0.0130922852258663,0.0005751425136016,0.0255650254912325,0.0003373173797929,0.2622630381762671,0.0017422381109402,0.001685505716523,0.0066875287157017,0.2377239658817416,0.0203613805667069,0.0009532023007825,0.2622630381762671,0.0448422934714471,0.001421371645847,0.0203527816756831,0.0200917646731491,0.0019943194311053,0.0470119963332156,0.0259887993185354,0.0375827531291482,0.0012998676593269,0.0012510004344221,0.0260024059922822,0.0254863816953729,0.0201746999518944,0.1049240076912003,0.0183673895735409,0.1768755512380772,0.0212389036169042,0.0026896919492476,0.0019116604283529,0.0321535368048999,0.1587873907091206,0.04557661909914,0.0027710590006285,0.0259635610085145,0.0096844547499332,0.0748033891892797,0.0171295748554661,0.0194004567589823,0.0138402275725739,0.0317776686024444,0.0180661886762309,0.0152496169353576,0.0196963217236366,0.0179595277275236,0.0193839401799777,0.0252603962273698,0.0140281553730244,0.0704666788321143,0.0032890553933005,0.0047630992650939,0.0704946535333874,0.0254763383628515,0.0093119642244547,0.0260256215891179,0.0752143387160483,0.0319283881015305,1.5094860521688411,1.2759010174534802,4.301712257962205,1.1653223510426534,1.1701325972098808,1.5094860521688411,2.728042291942981,0.7593525431002454,0.0333582657888928,1.482771478491485,0.019564408027991,15.211256214223493,0.1010498104345316,0.3878766655107015,13.787990021141011,1.180960072869003,0.0552857334453879,15.211256214223493,2.600853021343935,0.0824395554591289,1.1804613371896229,1.1653223510426534,0.1156705270041102,2.726695787326508,1.507350360475053,2.179799681490596,0.0753923242409631,0.0725580251964818,1.5081395475523676,1.4782101383316313,1.1701325972098808,6.0855924460896205,1.065308595265374,10.258781971808476,1.2318564097804474,0.1560021330563627,0.1108763048444682,1.8649051346841965,9.209668661128994,2.643443907750122,0.1607214220364549,1.5058865384938438,0.5616983754961294,4.338596572978225,0.9935153416170356,1.1252264920209774,0.802733199209288,1.843104778941777,1.047838943221396,0.8844777822507408,1.142386659970923,1.0416526081963706,1.1242685304387086,1.4651029811874523,0.8136330116354209,4.087067372262629,0.1907652128114319,0.276259757375452,4.0886899049364684,1.477627625045391,0.5400939250183765,1.5094860521688411,4.362431645530802,1.8518465098887704,-1.176021833393357,-68.20926633681471
